Interpret	Skladba
12 Stones	Adrenaline
12 Stones	Anthem for the Underdog
12 Stones	Anywhere but Here
12 Stones	Broken
12 Stones	Far Away
12 Stones	Lie to Me
12 Stones	Sever
3 Doors Down	Heaven
3 Doors Down	In The Dark
3 Doors Down	Living In Your Hell
3 Doors Down	Pieces Of Me
3 Doors Down	Round and Round
3 Doors Down	Time of My Life
3 Doors Down	When Youre Young
A Day To Remember	Miracle
A Life Divided	Best Time
A Life Divided	Tear Down The Walls
A-Z	Stranded
A-Z	Trial By Fire
AC/DC	Back in Black
AC/DC	For Those About to Rock
AC/DC	Highway to Hell
AC/DC	Moneytalks
AC/DC	Shoot To Thrill
AC/DC	Thunderstruck live
AC/DC	You Shook Me All Night Long
About Us	Come To You
About Us	Endure
About Us	Fortitude
About Us	Legion
About Us	Loaded Love
About Us	Love and Affection
About Us	Reels For Eternity
About Us	Right Now
Above Snakes	Down
Above Snakes	Rot
Accept	Another Second to Be
Accept	Balls To The Wall
Accept	Heaven is Hell
Accept	It's Hard To Find A Way
Accept	Metal Heart
Accept	Monster Man
Accept	Princess Of The Dawn
Acres	Lost
Ad Infinitum	Anthem For The Broken
Ad Infinitum	Unstoppable
Aeranea	Dancing in our Ashes
Aeranea	Forgotten & Numb
Aeranea	Silence
Aerosmith	Livin On The Edge
Aerosmith	What It Takes
Aether Realm	Cycle
After Lapse	Come Undone
After Lapse	Face The Storm
After Lapse	Where No One Cares
Against Evil	Speed Demon
Alcatrazz	Grace of God
Alcatrazz	Guardian Angel
Alcatrazz	Nightwatch
Alcatrazz	Sword of Deliverance
Alcatrazz	Turn of the Wheel
Aleya	Sapphire Skies
Alice Cooper	Loves a Loaded Gun
Alice Cooper	Poison
Alien Ant Farm	Forgive & Forget
Alien Ant Farm	Movies
Alien Ant Farm	Reasons
All That Remains	Alone in the Darkness
All That Remains	Divide
All That Remains	Everythings Wrong
All That Remains	For You
All That Remains	Let You Go
All That Remains	No Tomorrow
All That Remains	Pernicious
All That Remains	This Probably Wont End Well
All That Remains	Victory Lap
All That Remains feat. Danny Worsnop	Just Tell Me Something
All for Metal ft. L. Guldemont & T. Hansen	Valkyries In The Sky
Allen & Lande	Bloodlines
Allen & Lande	Solid Ground
Allen & Lande	The Guardian
Allen & Lande	The Showdown
Alter Bridge	Dead Among the Living
Alter Bridge	Dying Light
Alter Bridge	Godspeed
Alter Bridge	Holiday
Alter Bridge	In The Deep
Alter Bridge	Playing Aces
Alter Bridge	Power Down
Alter Bridge	Rue The Day
Alter Bridge	Season of Promise
Alter Bridge	Silent Divide
Alter Bridge	Sin After Sin
Alter Bridge	The Bitter End
Alter Bridge	What Lies Within
Amaranthe	1 000 000 Lightyears
Amaranthe	Amaranthine
Amaranthe	Call Out My Name
Amaranthe	Chaos Theory
Amaranthe	Damnation Flame
Amaranthe	Digital World
Amaranthe	Drop Dead Cynical
Amaranthe	Leave Everything Behind
Amaranthe	The Nexus
Amaranthe	Trinity
Ambush	A Silent Killer
Ambush	Hellbiter
Ambush	Infidel
Amorphis	Bad Blood
Amorphis	Bones
Amorphis	Dancing Shadow
Amorphis	Halo
Amorphis	House Of Sleep
Amorphis	Light And Shadow
Amorphis	On The Dark Waters
Amorphis	Sacrifice
Amorphis	Sampo
Amorphis	Seven Roads Come Together
Amorphis	Silver Bride
Amorphis	The Bee
Amorphis	The Moon
Amorphis	You I Need
Amorphis ft. Petronella Nettermalm	My Name Is Night
Ancient Bards	Home Of The Rejects
Andre Matos	Face the End
Andre Matos	How Long
Andre Matos	I Will Return
Andre Matos	Mentalize
Andre Matos	Powerstream
Andre Matos	Remember Why
Anette Olzon	Bye Bye Bye
Anette Olzon	Hear Them Roar
Anette Olzon	Rapture
Anette Olzon	Who Can Save Them
Angra	Arising Thunder
Angra	Cycles Of Pain
Angra	Gentle Change
Angra	Insania
Angra	Late Redemption
Angra	Lease of Life
Angra	Morning Star
Angra	The Temple of Hate
Angra	Travelers of Time
Angra	Wishing Well
Angra ft.  V. Moreno	Here In The Now
Angra ft. Lenine	Vida Seca
Angra ft. V. Moreno	Tide Of Changes Pt-II
Another Day Dawns	On and On
Anthem	Awake
Anthem	Black Empire
Anthem	Echoes in The Dark
Anthem	Eternal Warrior
Anthem	Linkage
Anthem	Unbroken Sign
Anthrax	I´m Alive
Anti-Flag ft. Stacey Dee	NVREVR
Anvil	Bitch In The Box
Anvil	Doing What I Want
Any Given Day	Apocalypse
Any Given Day	Come Whatever May
Any Given Day	Lonewolf
Any Given Day	Never Surrender
Any Given Day	Savior
Any Given Day	Start Over
Any Given Day	Sure to Fail
April Art	Rodeo
April Art	Who I Never Meant to be
Arakain feat Petr Kolář	Prázdnej kout
Archetypes Collide	Destiny
Archetypes Collide	Undertow
Architects	Animals
Architects	Dead Butterflies
Architects	Meteor
Architects	When We Were Young
Arion	Im Here to Save You
Arion	In the Name of Love
Arion	Like A Phoenix I Will Rise
Arion	Punish You
Arion	Shadows
Arion ft. Elize Ryd	At the Break of Dawn
Arion ft. Melissa Bonny	Wings of Twilight
Armored Dawn	Barbarians in Black (2022 Remix)
Armored Dawn	Gods Of Metal
Armored Dawn	Men of Odin
Armored Dawn	Survivor
Armored Saint	End of the Attention Span
Armored Saint	Never You Fret
Art Nation	A New Beginning
Art Nation	Halo
As I May	Charged
As I May	Devil Rides With Me
As I May	I See You in Me
Ashrain	I Still Burn
Ashrain	Requiem for Screamer
Astral Doors	Temple Of Lies
Astralion	Be Careful What You Wish For
Astralion	Ghosts of Sahara
Astralion	The Oracle
Astralion	Wastelands of Ice
Astralion	We All Made Metal
Asuryan	Eternal Crusade
Asuryan	My Blue Engram
Asuryan	Not Alone
Asuryan feat. Max Morton	Holy Scars
At Vance	Facing Your Enemy
At Vance	Saviour
Athena XIX	Frames of Humanity
Austen Starr	I Am The Enemy
Avantasia	Alchemy
Avantasia	Babylon Vampyres
Avantasia	Black Orchid
Avantasia	Creepshow
Avantasia	Invincible
Avantasia	Invoke the Machine
Avantasia	Requiem for a Dream
Avantasia	Spectres
Avantasia	The Watchmakers Dream
Avenged Sevenfold	Set Me Free
Avenged Sevenfold	St. James
Avenged Sevenfold	Tension
Avenged Sevenfold	Until the End
Axel Rudi Pell	No Compromise
Axenstar	Abandoned
Axenstar	Fear
B.S.P.	I Dont Know
Babylon A.D.	Hammer Swings Down
Bad English	Forget Me Not
Bad English	Ghost In Your Heart
Bad English	Heaven Is A 4 Letter Word
Bad English	Make Love Last
Bad English	Price of Love
Bad English	Savage Blue
Bad English	Straight To Your Heart
Bad English	The Time Alone With You
Bad English	Time Stood Still
Bad English	When I See You Smile
Bad Omens	Left For Good
Bad Omens	Like A Villain
Bad Omens	Nowhere To Go
Bad Omens	Take Me First
Bad Omens	The Grey
Bad Wolves	If Tomorrow Never Comes
Bad Wolves	Legends Never Die
Bad Wolves ft. Diamante	Hear Me Now
Bastard	Zakázané ovoce
Battle Beast	Black Ninja
Battle Beast	Steelbound
Beartooth	I Was Alive
Beartooth	Might Love Myself
Beartooth	Riptide
Beartooth ft. Hardy	The Better Me
Beast In Black	Beast In Black
Beast In Black	Blind And Frozen
Beast In Black	Blood Of A Lion
Beast In Black	Zodd The Immortal
Beastie Boys	Fight For Your Right
Before The Dawn	Stellar Effect
Beyond The Black	Free Me
Beyond The Black	Human
Beyond The Black	Is There Anybody Out There
Beyond The Black	Winter Is Coming
Billy Idol	Rebel Yell
Black Label Society	Angel Of Mercy
Black Label Society	Trampled Down Below
Black Majesty	Six Ribbons
Black Oak County	Boom Boom Baby
Black Sabbath	N.I.B.
Black Veil Brides	Ave Maria
Black Veil Brides	Blackbird
Black Veil Brides	Born Again
Black Veil Brides	Certainty
Black Veil Brides	Fields Of Bone
Black Veil Brides	Saviour II
Black Veil Brides	Sorrow
Black Veil Brides	The Revival
Black Veil Brides	When They Call My Name
Black Veil Brides	Woe & Pain
Black Veil Brides ft. Lilith Czar	Cut
Blaze Bayley	Blackmailer
Blaze Bayley	Voices From The Past
Blaze Bayley	War Within Me
Blaze Bayley	While You Were Gone
Blaze Bayley	Witches Night
Blind Guardian	Secrets Of The American Gods
Blue Murder	Jelly Roll
Blue Murder	Valley of the Kings
Bon Jovi	Always
Bon Jovi	Bad Medicine
Bon Jovi	Blaze of Glory
Bon Jovi	Born
Bon Jovi	Lay your hands on me
Bon Jovi	Living In Sin
Bon Jovi	Never Say Goodbye
Bon Jovi	Raise Your Hands
Bon Jovi	Runaway
Bon Jovi	Wanted
Bon Jovi	You Give Love A Bad Name
Bonfire	I Will Rise Video
Bonfire	Lost All Control
Bonham	Wait for You
Brainstorm	Beyond Enemy Lines
Brainstorm	Soul Temptation
Brainstorm	The Leading
Brainstorm	The Pyre
Brainstorm ft. Sebastian Levermann	Turn Off the Light
Broken	Broken
Brothers of Metal	Chain Breaker
Brothers of Metal	Heavy Metal Viking
Brothers of Metal	Powersnake
Bruce Dickinson	Tears of the Dragon
Bruce Springsteen	Born In The USA
Brymir	Rift Between Us
Bára Basiková	Soumrak bohů
Capture	No Cure
Care Of Night	Heart Belongs
Casandra’s Crossing	Ring Me Around
Cassidy Paris	Nothing Left To Lose
Celesty	Among The Dreams
Celesty	Back In Time
Celesty	Dark Emotions
Celesty	Demon Inside
Celesty	Empty Room
Celesty	Greed & Vanity
Celesty	Last Sacrifice
Celesty	Unreality
Celesty	War Creations
Cellador	Break Heresy
Cellador	Running Riot
Cellador	Wake Up The Tyrant
Charlotte Wessels	Chasing Sunsets
Charlotte Wessels ft. A. White-Gluz	Ode to the West Wind
Charlotte Wessels ft. S. Simons	Dopamine
Chris Chronos	Toss A Coin To Your Witcher
Cinderella	The Last Mile
Citron	Píseň ztracených
Citron	V řetězech spoutaní
Civil War	Oblivion
Civil War	Slaughterhouse 5
Classless Act	Time To Bleed
Classless Act ft. Justin Hawkins	This Is For You
Classless Act ft. Vince Neil	Classless Act
Clou	Dope Sick
Clou	Now I Need A Lie
Clou	Postcards
Clou	Secret
Cobra Spell	Addicted To The Night
Cobra Spell	Love Crime
Cobra Spell	The Devil Inside Of Me
Cold Slither	Knock Em Dread
Coldrain	Coexist
Coldrain	R.I.P.
Coldrain	Revolution
Coldrain	The Side Effects
Coldrain Feat. Ryo Kinoshita	Mayday
Crashdiet	Reptile
Crashdiet	We are the legion
Creed	My Sacrifice
Creed	One Last Breath
Creed	With Arms Wide Open
Crematory	Ravens Calling
Crossing Rubicon	Cry Me a River
Crossing Rubicon	I Will Remain
Crossing Rubicon	Perfect Storm
Crossing Rubicon	Reason to Die
Crossing Rubicon	Seeing Red
Crowne	Perceval
Crowne	Sharoline
Crowne	Waiting For You
Crownshift	A World Beyond Reach
Crownshift	My Prison
Crownshift	Stellar Halo
Crystal Eyes	Corridors of Time
Crystal Eyes	Wall of Stars
Curce Of Cain	Embrace Your Darkness
Curse Of Cain	Alive
Cyhra	Bye Bye Forever
Cyhra	Forever
Cyhra	Hit Me
Cyhra	I Had Your Back
Cyhra	Kings and Queens
Cyhra	Out of My Life
Cyhra	Skin From Bones
Cyhra	Superman
DGM	Animal
DGM	Enhancement
DGM	Fallen
DGM	Final Call
DGM	Hope
DGM	Land of Sorrow
DGM	No Looking Back
DGM	Reason
DGM	Repay
DGM	Surrender
DGM	The Passage
DGM	To The Core
DGM	Trust
DGM	Unravel The Sorrow
Damn Yankees	High Enough
Dan Byrne	Death Of Me
Dangerous Curves ft. Chris Poland	Dancin Dirty
Dangerous Toys	Scared
Daniel Fonseca	New Reality
Danko Jones	What You Need
Darkwater	In Front Of You
Days of Jupiter	The World Was Never Enough
Deathless Legacy	Hollow
Deathless Legacy	Moonless Night
Deathless Legacy	Queen of the Infernal Pantheon
Deep Purple	Perfect Strangers
Def Leppard	Animal
Def Leppard	Armageddon It
Def Leppard	Foolin
Def Leppard	Hysteria
Def Leppard	Lets Get Rocked
Def Leppard	Photograph
Def Leppard	Rocket
Def Leppard	Too Late For Love
Def Leppard	Women
Defecto	Eternal Descent
Defences	Breathe It In
Defences	Perish
Degreed	Big Plans
Degreed	Dont Be A Stranger
Degreed	Free Again
Degreed	Good Enough
Degreed	Into The Fire
Degreed	Lost in Paradise
Degreed	Pressure
Degreed	This Is Love
Degreed	Way of The World
Degreed	Who Are You (To Say)
Delain	Beneath
Delain	Burning Bridges
Delain	Dance With The Devil
Delain	Hideaway Paradise
Delain	Mirror of Night
Delain	Moth to a Flame
Delain	Stardust
Delain	The Quest and the Curse
Delain ft. Paolo Ribaldini	Queen of Shadow
Demon	Hole In The Sky
Demon Hunter	More Than Bones
Demons Down	On My Way to You
Diablo	Grace Under Pressure
Diablo	The Extinctionist
Diablo	The Stranger
Diablo	The Well of Grief
Diablo	Unhola
Diablo	When the Rivers Are Silent
Diamond Head	Belly of the Beast
Dino Jelusick	Destroyer
Dino Jelusick	Fly High Again
Dino Jelusick	Reign Of Vultures
Dino Jelusick	The Great Divide
Dio	Dream Evil
Dio	Holy Diver
Dio	Mystery
Dio	Naked In The Rain
Dio	Night People
Dio	Rainbow In The Dark
Dio	Sunset Superman
Dio	The Last In Line
Dio	We Rock
Dio	When A Woman Cries
Dionysus	Illusion of Life
Dionysus	Queen of Madness
Dionysus	The Orb
Dionysus	The World
Dirk Schneider & The Old Gang	It Takes Two To Tango
Dirk Schneider & The Old Gang	Strangers In Paradise
Dirk Schneider & The Old Gang	Time To Listen
Disconnected	I Fall Again
Disconnected	Life Will Always Find Its Way
Disconnected	Thats How Ill Face the End
Disconnected	The Only Truth
Disconnected	Unstoppable
Disconnected	Your Way to Kill
Disquiet	Destroyance
Disturbed	Bad Man
Disturbed	Down With The Sickness
Disturbed	Hey You
Disturbed	I Will Not Break
Disturbed	Take Back Your Life
Disturbed	The Night
Disturbed	Unstoppable
Disturbed	Won’t Back Down
Disturbed ft. Ann Wilson	Don’t Tell Me
Divine Weep	Age of the Immortal
Divine Weep	Day of Revenge
Divine Weep	Imperious Blade
Divine Weep	Last Breath
Divine Weep	Tears of the Ages
Divine Weep	The Mentor
Divine Weep	The Screaming Skull of Silence
Diviner	Beyond the Border
Diviner	Heaven Falls
Diviner	Kingdom Come
Diviner	The Earth, the Moon, the Sun
Dokken	Alone Again
Dokken	In My Dreams
Dokken	Its Not Love
Dokken	Mr. Scary
Dokken	The Hunter
Dokken	Unchain the Night
Dominum	We Are Forlorn
Don Felder	Hollywood Victim
Donor	Létám dál
Dool	Evil in You
Dorothy	Rest In Peace
DragonForce	Cry Thunder
DragonForce	Our Final Stand
DragonForce	Seasons
DragonForce	Silence
DragonForce	The Sun Is Dead
DragonForce	Three Hammers
Dream Evil	Dream Evil
Dream Evil	Let Me Out
Dream Evil	Metal Gods
Dream Theater	Answering the Call
Dream Theater	Barstool Warrior
Dream Theater	Chosen
Dream Theater	Invisible Monster
Dream Theater	Midnight Messiah
Dream Theater	Our New World
Dream Theater	Paralyzed
Dream Theater	The Gift of Music
Drowning Pool	All About Me
Drowning Pool	Killin Me
Drowning Pool	Reason Im Alive
Drowning Pool	Tear Away
Dymytry	Awaking the Monster
Dymytry	Hope
Dymytry	Komu Zvoní Hrana
Dymytry	Není nám souzený
Dymytry	Pharmageddon
Dymytry	Revolter
Dymytry	Rise And Shines
Dymytry	Sedmero Krkavců
Dymytry	Volám jméno tvý
Dymytry ft. Eva Burešová ft. Přemek Forejt	Žena z oceli
Dynazty	Heartless Madness
Dynazty	My Darkest Hour
Dynazty	Presence of Mind
Dynazty	The Black
Dynazty	The Human Paradox
Eagleheart	Creator of Time
Eagleheart	Palace of Thoughts
Eagleheart	Until Fear Is Gone
Easy Action	Dazed
Eclipse	Anthem
Eclipse	Apocalypse Blues
Eclipse	Bite The Bullet
Eclipse	Children of the Night
Eclipse	Got It
Eclipse	Hearts Collide
Eclipse	I Dont Get It
Eclipse	So Long, Farewell, Goodbye
Eclipse	Still My Hero
Eclipse	The Spark
Eclipse	The hardest part is losing you
Eclipse	Things We Love
Edenbridge	Alight A New Tomorrow
Edenbridge	Cosmic Embrace
Edenbridge	Higher
Edenbridge	Into a Sea of Souls
Edenbridge	Remember Me
Edenbridge	Set The Dark On Fire
Edenbridge	Until the End of Time
Edguy	King Of Fools
Edguy	Ravenblack
Edguy	Tears of a Mandrake
Edu Falaschi	Bonfire of the Vanities
Edu Falaschi	Face of the Storm
Edu Falaschi	Fire With Fire
Edu Falaschi	Mirror of Delusion
Edu Falaschi	Skies In Your Eyes
El Caco	The Taste of Wine
Eldritch	Elegy Of Lust
Elegant Weapons	Blind Leading The Blind
Elegant Weapons	Dead Man Walking
Elegant Weapons	Do Or Die
Eleine	Never Forget
Eleine	Stand By The Flame
Eleine	Through The Mist
Eleine	We Are Legion
Eleine	We Shall Remain
Elvenking	The Divided Heart
Emil Bulls	The Devil Made Me Do It
Enbound	Feel My Flame
Enbound	Get Ready For
Enbound	Give Me Light
End of The Dream	Colder
End of The Dream	Until You Break
Enemy Eyes	History is Hand
Enemy Eyes	Peace And The Glory
Enemy Eyes	The Miracle in You
Enemy Eyes	The Rat Race
Enemy Eyes	What I Believe
Enemy Inside	Dont Call Me An Angel
Enemy Inside	Should Have Known Better
Enemy Inside	Venom
Enemy Inside ft. Mirza Radonjica	Dirt On My Name
Eternal Idol	Black Star
Eternal Idol	Empire Of One
Eternal Idol	Not the Same
Eternal Idol	Renaissance
Eternal Idol	The Enemy Is Me
Eternal Idol	Vampire
Eufory	Afterglow
Eufory	Day for Night
Eufory	Falling Into Nowhere
Eufory	Never Stay At Home
Europe	Cherokee
Europe	Ill Cry For You
Europe	Rock the Night
Europe	Superstitious
Evanescence	Bring Me To Life
Evanescence	Call Me When Youre Sober
Evanescence	Going Under
Evanescence	Lithium
Even Flow	Believe
Even Flow	Infinity
Evergrey	A Touch of a Blessing
Evergrey	Architects Of The New Weave
Evergrey	Currents
Evergrey	Distance
Evergrey	End of Silence
Evergrey	Leaving The Emptiness
Evergrey	Midwinter Calls - Midwinter Calls
Evergrey	Where August Mourns
Evergrey feat. Floor Jansen	In Orbit
Ewert and The Two Dragons	Theres Only Love
Excalion	Nightmariner
Excalion	Release the Time
Excalion	The Golden Horde
Excalion	Trust
Existance	Black Viper
Existance	Burning Angel
Existance	From Hell
Existance	Power of the Gods
Existance	Preacher of Insanity
Existance	Rock N Roll
Existance	Wolf Attack
Exit Eden ft. Marko Hietala	Run
Extreme	#Rebel
Fair Warning	All of My Love
Fairyland	A New Dawn
Fairyland	Karma
Falconer	Mindtraveller
Fallen Sanctuary	Destiny
Fallen Sanctuary	Nothing Can Keep Us Apart
Fallen Sanctuary	Now and Forever
Fallen Sanctuary	Rise Against the World
Falling In Reverse	Zombified
Fame On Fire	Back To You
Fame On Fire	Im Fine
Fame on Fire	Plastic Heart
Faraz Anwar	PIYA
Faraz Anwar	Ujaloun Mein
Fates Warning	Seven Stars
Fates Warning	Shuttered World
Fates Warning	White Flag
Fifth Angel	Broken Dreams
Fifth Angel	Can You Hear Me
Fifth Angel	Resist The Tyrant
Fifth Angel	Stars Are Falling
Fifth Angel	Time Will Tell
Fifth Angel	We Rule
Fifth Angel	When Angels Kill
Filter	Captain Bligh
Filter	Dose
Filter	Soldiers of Misfortune
Filter	Take a Picture
Filter	The Wake
Filter	Where Do We Go from Here (2009 Remastered Version)
Fire From The Gods	Love is Dangerous
Fire From The Gods	Right Now
Fire From The Gods	World So Cold
Firehouse	Dont Treat Me Bad
Firewind	Broken
Firewind	Brothers Keeper
Firewind	I Am The Anger
Firewind	Insanity
Firewind	Life Foreclosed
Firewind	Mercenary man
Firewind	My Loneliness
Firewind	Remembered
Firewind	Wall of Sound
Firewind	Warrior
Firewind	World On Fire
Firewind ft. Tara Teresa	Breaking the Silence
Fit For A King	Breaking The Mirror
Fit For A King	Locked (In My Head)
Fit For A King	Louder Voice
Fit For A King	Sink Below
Five Finger Death Punch	A Little Bit Off
Five Finger Death Punch	AfterLife
Five Finger Death Punch	All I Know
Five Finger Death Punch	Cold
Five Finger Death Punch	Darkness Settles In
Five Finger Death Punch	Gold Gutter
Five Finger Death Punch	Hard to See
Five Finger Death Punch	My Nemesis
Five Finger Death Punch	Pick Up Behind You
Five Finger Death Punch	Roll Dem Bones
Five Finger Death Punch	The Bleeding
Five Finger Death Punch	The End
Five Finger Death Punch	The Pride
Five Finger Death Punch	The Tragic Truth
Five Finger Death Punch	Times Like These
Five Finger Death Punch	Wash It All Away
Five Finger Death Punch	Welcome To The Circus
Five Finger Death Punch	Wrong Side of Heaven
For The Fallen Dreams	No Heaven
For The Fallen Dreams	What If
For The Fallen Dreams	Without You
Free Fall	Adrenalin
Free Fall	Dej mi like
Free Fall	Diagnóza: Hejtr
Freedom Call	111
Freedom Call	Hammer of The Gods
Freedom Call	M.E.T.A.L.
Freedom Call	Masters of Light
Freedom Call	Metal is for Everyone
Freedom Call	One Step into Wonderland
Freedom Call	Sail Away
Freedom Call	Silver Romance
Freedom Call	Sole Survivor
Freedom Call	The Ace of the Unicorn
Freedom Call	Wheel of Time
From Ashes To New	Brick
From Ashes To New	Darkside
From Ashes To New Ft. Anders Fridén	Scars That Im Hiding
From Ashes To New Ft. Matty Mullins	Until We Break
From Fall To Spring	Barriers
From Fall To Spring	Black Heart
From Fall To Spring	Light Up The Sky
From Fall To Spring ft. UMc ft. A. L. Derer	IRIS (Metal Cover)
Frozen Crown	Embrace The Night
Frozen Crown	The Water Dancer
Fuel	Dont Say I
Fuel	Heavens Waiting For You
Fuel	Keep It Away
Fuel	The Only Ones
Fuel Official	Give
Future Palace	Dead Inside
Future Palace	Defeating Gravity
GUS G.	No One Has to Know
GUS G. ft. Ronie Romero	My Premonition
Gary Moore	Over The Hills And Far Away
Ghost	Absolution
Ghost	He Is
Ghost Ship Octavius	Delirium
Giant	Its Not Right
Ginevra	Moonlight
Ginevra	True North
Ginger Evil	Arrowhead
Ginger Evil	Black Waves
Ginger Evil	Dead On Arrival
Ginger Evil	Hands Move To Midnight
Ginger Evil	Rainmaker
Ginger Evil	Shame Old
Ginger Evil	Wake Me
Girish and The Chronicles	Hail To The Heroes
Giuffria	Call To The Heart
Glenn Hughes	Chosen
Godsmack	Changes
Godsmack	Cryin Like a Bitch
Godsmack	Faceless
Godsmack	Hollow
Godsmack	Keep Away
Godsmack	Releasing the Demons
Godsmack	Serenity
Godsmack	Speak
Godsmack	Straight Out of Line
Godsmack	Touche
Godsmack	Voices
Gotthard	Burning Bridges
Gotthard	Smiling In The Pouring Rain
Gotthard	Thunder & Lightning
Green Day	American Idiot
Green Day	Boulevard of Broken Dreams
Green Day	Holiday
Green Day	Wake Me Up When September Ends
Grim Reaper	Now Or Never
Grim Reaper	Rock You to Hell
Guns N' Roses	November Rain
Guns N' Roses	Paradise city
Guns N' Roses	Sweet Child O Mine
Guns N' Roses	Welcome To The Jungle
Gus G	Fearless
Gus G	Letting Go
Gus G ft. Elize Ryd	What Lies Below
Gus G ft. Jacob Bunton	Brand New Revolution
Gus G ft. Mats Leven	Eyes Wide Open
Gus G ft. Mats Leven	My Will Be Done
Gus G ft. feat. Devour The Day	I Am The Fire
H.I.M.	Heartkiller
H.I.M.	Join Me
H.I.M.	Killing Loneliness
H.I.M.	Right Here In My Arms
Haken	The Minds Eye
Halestorm	Brightside
Halestorm	I Am The Fire
Halloween	Dr. Stein
HammerFall	Hearts On Fire
Hammerfall	Crimson Thunder
Hammerfall	Last man Standing
Heavenly	Virus
Heavens Edge	Daddys Little Girl
Heavens Edge	Find Another Way
Hell in the Club	Robert the Doll
Helloween	A little Time
Helloween	Best Time
Helloween	Eagle Fly Free
Helloween	Fear Of The Fallen
Helloween	Forever and One
Helloween	Future World
Helloween	I Want Out
Helloween	Rise and Fall
Helloween	This Is Tokyo
Hellyeah	Moth
Hellyeah	Welcome Home
Hexed	Repentance
Hexed	Stigma Diaboli
Honeymoon Suite	Feel It Again
Honeymoon Suite	Little Sister
Honeymoon Suite	Still Lovin You
Honeymoon Suite	Tears on the Page
Horizon Ignited	Equal in Death
HumanKind	Fed Up
HumanKind	Shadows
HumanKind	The Darkness I Own
I Prevail	Annihilate Me
I Prevail	Into Hell
I Prevail	Pray
I Prevail	Rain
I Prevail	Scars
Ice Nine Kills	A Grave Mistake
Ice Nine Kills	The Shower Scene
Iced Earth	Melancholy (Holy Martyr)
Iced Earth	Watching Over Me
Iconic	Fast as You Can
Iconic	Nowhere to Run
Iconic	This Way
Iconic	Worlds Apart
Ignea	Alga
Ignescent	Joker
Illumishade	Cloudreader
Illumishade	In the Darkness
Illumishade	Riptide
Immortal Guardian ft. Ralf Scheepers	Roots Run Deep
Imodium	Valerie
Impellitteri	Hell On Earth
In Flames	All the Pain
In Flames	I am Above
In Flames	Ropes
In Flames	Stay With Me
In Flames	We Will Remember
Induction	Embers
Induction	Queen Of Light
Infinite & Divine	I Feel Alive
Infinite & Divine	Not Too Late
Inglorious	Devil Inside
Inglorious	Stand
Ingott	Možná jsem ztrácel čas
Ingott	Reje pekel
Inner Wish	Modern Babylon
Innerwish	Soul Asunder
Innerwish ft.  Hansi Kürsch	Sea of Lies
Iron Maiden	2 AM
Iron Maiden	2 Minutes to Midnight
Iron Maiden	Be Quick or Be Dead
Iron Maiden	Can I Play With Madness
Iron Maiden	Dance Of Death
Iron Maiden	Fortunes of War
Iron Maiden	Hallowed Be The Name
Iron Maiden	Heaven Can Wait
Iron Maiden	Infinite Dreams
Iron Maiden	Judgement of Heaven
Iron Maiden	Moonchild
Iron Maiden	Number Of The Beast
Iron Maiden	Stranger in a Strange Land
Iron Maiden	The Aftermath
Iron Maiden	The Clairvoyant
Iron Maiden	The Evil That Men Do
Iron Maiden	The Trooper
Iron Maiden	The Wicker Man
Iron Maiden	Wasted Years
Iron Savior	Eternal Quest
Iron Savior	No Heroes
Jack The Joker	Denied
Jackyl	When Will It Rain
Jamaron	30 vteřin ticha
Jamaron	Nepatrný ztráty
Jamaron	Osudová balada
Jamaron	Outsider
Jamaron	Utíkám
Joe Lynn Turner	Belly Of The Beast
Joe Lynn Turner	Black Sun
John Norum	Back On The Streets
John Norum	Chase Down The Moon
John Norum	Face The Truth
John Norum	In Your Eyes
John Norum	Still The Night
John Norum feat Joey Tempest	We Will Be Strong
Journey	Dont Stop Believin
Journey	Girl Cant Help It
Journey	Send Her My Love
Journey	Separate Ways (Worlds Apart)
Judas Priest	Lightning Strike
Judas Priest	Locked In
Judas Priest	Some Heads Are Gonna Roll
Judas Priest	The Hellion Electric Eye
Judas Priest	The Ripper
Judas Priest	Turbo Lover
Judas Priest	Youve Got Another Thing Comin
Junkyard	Hollywood
KK’s Priest	Hellfire Thunderbolt
KK’s Priest	One More Shot At Glory
KK’s Priest	Reap The Whirlwind
Kabát	Bruce Willis
Kabát	Burlaci
Kamelot	End of Innocence
Kamelot	Insomnia
Kamelot	March Of Mephisto
Kamelot	My Therapy
Kamelot	One More Flag In The Ground
Kamelot	Ravenlight
Kamelot	Sacrimony (Angel of Afterlife)
Kamelot	The Haunting (Somewhere In Time)
Kamelot	Torn
Kamelot ft. Charlotte Wessels	Under Grey Skies
Kamelot ft. Eklipse	My Confession
Kamelot ft. Tina Guo	Opus Of The Night
Katapult	Rok 2006
Keel	Rock N' Roll Outlaw
Keldian	Never Existed
Keldian	Nightfall
Keldian	The Last Frontier
Kenny Loggins	Danger Zone
Khemmis	Beneath the Scythe
Khemmis	Gilded Chambers
Khemmis	Invocation of the Dreamer
King Kobra	Breakin Out
King Kobra	Hunger
King Kobra	Tough Guys
King Zebra	Be the Hunter
King Zebra	On the Run
King Zebra	Rush
King Zebra	We Are One
King Zebra ft. G. Mancini	Wall of Confusion
Kingdom Come	Get It On
Kingdom Come	What Love Can Be
Kiske and Somerville	Arise
Kiske and Somerville	City of Heroes
Kiske and Somerville	Nothing Left To Say
Kiske and Somerville	One Night Burning
Kiske and Somerville	Set A Fire
Kiske and Somerville	Walk On Water
Kiss	Crazy Crazy Nights
Kiss	Lick It Up
Kiss	Reason To Live
Kiss	Tears Are Falling
Kiss	Turn On The Night
Kissin Dynamite	Generation Goodbye
Kissin Dynamite	Good Life
Kissin Dynamite	If Clocks Were Running Backwards
Kissin Dynamite	Kissin Dynamite - Running Free
Kissin Dynamite	Not the End of the Road
Kissin Dynamite	Queen Of The Night
Kissin Dynamite	Raise Your Glass
Kissin Dynamite	The Devil Is A Woman
Kissin Dynamite	What Goes Up
Kix	Cold Blood
Kix	Dont Close Your Eyes
Kobra and The Lotus	In the End
Kobra and The Lotus	Liar
Kobra and The Lotus	Losing My Humanity
Kobra and The Lotus	Velvet Roses
Kobra and The Lotus	Wash Away
Kobra and The Lotus	We Come Undone
Kobra and The Lotus	Wounds
Kobra and The Lotus	You Dont Know
Korn	Freak on a Leash
Korn ft. Skrillex and Kill The Noise	Narcissistic Cannibal
Kreator	Combatants
Kreator	Krushers Of The World
Kreator	Loyal To The Grave
Kreator	Violent Revolution
Kreator ft. Britta Görtz	Tränenpalast
Kreyson	Čarovná noc
Krokus	Screaming In The Night
L.A. Guns	Electric Gypsy
L.A. Guns	Malaria
LOMAX	Reklama
Lacrimas Profundere	A Cloak Woven Of Stars
Lacrimas Profundere	An Invisible Beginning
Lacrimas Profundere	In a Lengthening Shadow
Lacrimas Profundere	Lullaby for a Weeping Girl
Lacrimas Profundere	No Mans Land
Lacrimas Profundere	Unseen
Lacuna Coil	End Of Time
Lacuna Coil	I Forgive (But I Wont Forget Your Name)
Lacuna Coil	I Like It
Lacuna Coil	I Wont Tell You
Lacuna Coil	Kill The Light
Lacuna Coil	Never Dawn
Lacuna Coil	Our Truth
Lacuna Coil	Save Me
Lacuna Coil	Spellbound
Lacuna Coil	The Ghost Woman and the Hunter XX
Lacuna Coil	Tight Rope XX
Lacuna Coil	Trip The Darkness
Lacuna Coil ft. Ash Costello	In The Mean Time
Laguna	Living On The Line
Landfall	Rush Hour
Landfall	Tree Of Life
Landfall	Two Strangers
Lansdowne	Burn Brighter
Lansdowne	Burn It Down
Lansdowne	Conquer Them All
Lansdowne	Four Wheel Freedom
Lansdowne	Halo
Lansdowne	Make It A Lie
Lansdowne	Now That You're Gone
Lansdowne	Oxygen
Lansdowne	Rescue
Last in Line	Walls of Jericho
Laurence Jones	Anywhere With Me.
Laurenne & Louhimo	Damned
Leaves Eyes	My Destiny
Level 10	All Hope Is Gone
Level 10	Blasphemy
Level 10	Cry No More
Level 10	Demonized
Level 10	When the Nighttime Comes
Limetal	Mayday
Linkin Park	Somewhere I Belong
Linkin Park	What I`ve Done
Lionsheart	Cant Believe
Lizzy Borden	Me Against The World
Lord of the Lost	Loreley
Lordi	Fangoria
Lords Of Black	Before That Time Can Come
Lords Of Black	Whats Become Of Us
Lords of Black	Bound to You
Lords of Black	Too Close to the Edge
Lost Society	Awake
Lost Society	Blood Diamond
Lost Society	Hell Is A State Of Mind
Lost Society	I Am The Antidote
Lost Society	Kill The Light
Lost Society	No Longer Human
Lost Society	Synthetic
Loudness	Danger of Love (2020 Remastered)
Loudness	Long After Midnight
Loudness	Lost Without Your Love
Loudness	Red Light Shooter
Loudness	Soldier of Fortune
Loudness	Twentyfive Days From Home
Lynch Mob	Dancing With The Devil
Lynyrd Skynyrd	Sweet Home Alabama
Magnus Karlsson's Free Fall	On My Way Back To Earth (Instrumental)
Magnus Karlssons Free Fall	A Heart so Cold
Magnus Karlssons Free Fall	Demons of Our Time
Magnus Karlssons Free Fall	Far From Home
Magnus Karlssons Free Fall	Higher
Magnus Karlssons Free Fall	Holy Ground
Magnus Karlssons Free Fall	Hunt The Flame
Magnus Karlssons Free Fall	Never Look Away
Magnus Karlssons Free Fall	Nightbird
Magnus Karlssons Free Fall	Out of the Dark
Magnus Karlssons Free Fall	Temples and Towers
Magnus Karlssons Free Fall	The Right Moment
Majestica	A New Beginning
Majestica	False Prophet (Reforged)
Mammoth	One Of A Kind
Mammoth	Something New
Mammoth WVH	Another Celebration at the End of the World
Mammoth WVH	Epiphany
Mammoth WVH	Erase Me
Mammoth WVH	Im Alright
Mammoth WVH	Like a Pastime
Mammoth WVH	Mammoth
Mammoth WVH	Miles Above Me
Mammoth WVH	Resolve
Mammoth WVH	Same Old Song
Mammoth WVH	Youre to Blame
Manimal	Forged in Metal
Manimal	Insanity
Manimal	Manimalized
Manimal	Path to the Unknown
Manowar	Carry On
Manowar	Defender
Manowar	Fighting the World
Manowar	Hail and Kill
Manowar	Heart of Steel
Manowar	Holy War
Manowar	Kingdom Come
Manowar	Kings of Metal
Manowar	Violence and Bloodshed
Manowar	Warriors Of The World United
Manticora	Complete
Mantric Momentum	Awaiting Tomorrow
Mantric Momentum	Carry Me
Mantric Momentum	Fighter
Mantric Momentum	Final Warning
Mantric Momentum	Immortal
Mantric Momentum	In The Heart Of The Broken
Mantric Momentum	New Horizon
Mantric Momentum	Temple of My Fears
Marko Hietala	Dead Gods Son
Marko Hietala	Stones
Marko Hietala	Two Soldiers
Masterplan	Black Night of Magic
Masterplan	Earth Is Going Down
Masterplan	Heroes
Masterplan	Keep Your Dream Alive
Masterplan	Metalmorphosis
Masterplan	No Escape
Masterplan	Pray on My Soul
Masterplan	Spirit Never Die
Masterplan	The Game
Masterplan	Through Your Eyes
Memphis May Fire	Make Believe
Metallica	Ain't My Bitch
Metallica	Blackened
Metallica	Creeping Death
Metallica	Devils Dance
Metallica	Enter Sandman
Metallica	Fixxxer
Metallica	For Whom the Bell Tolls
Metallica	Mama Said
Metallica	Master of Puppets
Metallica	Unforgiven
Metallica	Until It Sleep - Until It Sleep
Metallica	Welcome Home
Mezzrow	Beneath The Sea Of Silence
Michael Romeo	Fear the Unknown
Michael Romero	Black
Michael Romero	Divide and Conquer
Michael Romero	Just Before the Dawn
Michael Romero	Oblivion
Michal Prokop	Popěvek
Mick Mars	Loyal to the Lie
Midnight Oil	Beds Are Burning
Mike Tramp	Little Fighter
Moon Shot	Agony Walk
Moonspell	Breathe (Until We Are No More)
Moonspell	Common Prayers
Moonspell	Domina
Moonspell	Medusalem
Moonspell	The Hermit Saints
Moonspell	The Last of us
Motionless In White	Another Life
Motionless In White	Masterpiece
Motive Black ft. Carla Harvey	Lift Me Up
Muse	Won’t Stand Down
My Chemical Romance	Welcome to the Black Parade
Myles Kennedy	Miss You When Youre Gone
Myles Kennedy	Wake Me When Its Over
Myrath	Breathing Near the Roar
Myrath	Child Of Prophecy
Myrath	Dance
Myrath	Heroes
Myrath	Let It Go
Myrath	No Holding Back
Myrath	Still the Dawn Will Come
Myrath	You’ve Lost Yourself
Mystic Prophecy	Metal Attack
Mötley Crüe	Dr. Feelgood
Mötley Crüe	Kickstart My Heart
Mötley Crüe	Shout At The Devil
Mötley Crüe	Too Young
Mötley Crüe	Wild Side
Navar	Navar
Navar	Neboj se říct ne
Navar	Srdce krále
Neck Cemetery	Judgement Night
Nemesea	No More
Nestor	On The Run
Nestor	Signed in Blood
Nickelback	Bones For The Crows
Nickelback	Hero
Nickelback	Photograph - Photograph
Nickelback	Rockstar
Nickelback	Savin Me
Nickelback How You Remind Me	How You Remind Me
Nicklas Sonne	Baron Of Mischief
Nicklas Sonne	Limitless
Nicklas Sonne	Route 65
Nightwish	Amaranth
Nirvana	Come As You Are
Nirvana	Lithium
Nirvana	Smells Like Teen Spirit
Nita Strauss ft. Chris Motionless	Digital Bullets
Nita Strauss ft. David Draiman	Dead Inside
No Guitars	Černá růže
Nordic Union	Animalistic
Nordic Union	Because of Us
Nordic Union	If I Could Fly
Nordic Union	In Every Waking Hour
Nordic Union	Last Man Alive
Nordic Union	New Life Begins
Nordic Union	Outrun You
Nordic Union	Riot
Nordic Union	Scream
Nordic Union	Shot in the Dark
Nordic Union	Wildfire
Northtale	Bring Down the Mountain
Northtale	Eternal Flame
Northtale	In the Name of God
Northtale	King of Your Illusion
Northtale	Midnight Bells
Northtale	Only Human
Northtale	Playing with Fire
Northtale	Ride the Storm
Northtale	The Rhythm of Life
Northtale	Time to Rise
Northtale	Welcome to Paradise
Oddland	Freefall
Of Virtue	Cannibals
Of Virtue	Cold Blooded
Onslaught	Iron Fist
Opeth	Coil
Opeth	Width of a Circle
Orden Ogan	The Order Of Fear
Our Mirage	Suffocating
Out Of This World	AInt Gonna Let You Go
Out Of This World	Hanging On
Out Of This World	In A Million Years
Out Of This World	Up To You
Ozzy Osbourne	Bark at the Moon
Ozzy Osbourne	Crazy Train
Ozzy Osbourne	Dreamer
Ozzy Osbourne	Flying High Again
Ozzy Osbourne	I Dont Know
Ozzy Osbourne	No More Tears
Ozzy Osbourne	Over The Mountain
Ozzy Osbourne	Paranoid
Ozzy Osbourne	Perry Mason
Ozzy Osbourne	Rock n Roll Rebel
Ozzy Osbourne	Shot in the Dark
Ozzy Osbourne	You Cant Kill Rock and Roll
P.O.D.	Alive - Alive
Pain	A Wannabe
Pain	Absinthe Phoenix Rising
Pain	Black Knight Satellite
Pain	Coming Home
Pain	Natural Born Idiot
Pain	Party In My Head
Pain feat Joakim Brodén	Call Me
Pantera	Cowboys from Hell
Paradise Lost	No Celebration
Paradise Lost	Silence Like The Grave
Pearl Jam	Even Flow
Phantom Elite	Birdcage
Phantom Elite	Bravado
Phantom Elite	Diamonds and Dark
Phantom Elite	Fragments
Phantom Elite	Glass Crown
Phantom Elite	Inner Beast
Phantom Elite	Silver Lining
Phil Campbell and the Bastard Sons	Ghosts
Phil Campbell and the Bastard Sons	Schizophrenia
Phil Campbell and the Bastard Sons	Strike The Match
Phil X & The Drills	Fake The Day Away
Pirates From The Sea	Open Fire
Pirates From The Sea	Pirate Queen
Platonic	Bez nás dvou
Platonic	Družice
Platonic	Neříkám nic
Platonic	Zapomenem
Platonic ft. Natálie Míšová	Pár vět
Poison	Every Rose Has Its Thorn
Poison	Fallen Angel
Poison	I Want Action
Poison	Nothin But A Good Time
Poison	Talk Dirty To Me
Poisonblack	Alone
Poisonblack	My Sun Shines Black
Pop Evil	Breathe Again
Pop Evil	Paranoid (Crash & Burn)
Pop Evil	Raise Your Flag
Pop Evil	Trenches
Porcupine Tree	Blackest Eyes
Porta Inferi	Svobodná cela
Porta Inferi ft. Forrest Jump	Jeden tým
Pražský výběr	Tož vem to ďas
Pretty Maids	Eye of the Storm
Pretty Maids	Rodeo
Pretty Maids	We Came To Rock
Primal Fear	Another Hero
Primal Fear	Bring That Noise
Primal Fear	Deep In The Night
Primal Fear	Far Away
Primal Fear	Halo
Primal Fear	King of Madness
Primal Fear	One
Primal Fear	Play A Song
Primal Fear	Running in the Dust
Primal Fear	Steelmelter
Primal Fear	The Hunter
Project Aegis	Angel in the Ashes
Protheus ft. Komunál	Múzy
Puddle Of Mudd	Livin On Borrowed Time
Puddle of Mudd	Go To Hell
Queensrÿche	Empire
Queensrÿche	Eyes Of A Stranger
Queensrÿche	I Dont Believe In Love
Queensrÿche	Jet City Woman
Queensrÿche	Operation Mindcrime
Queensrÿche	Queen Of The Reich
Queensrÿche	Revolution Calling
Queensrÿche	Take Hold Of The Flame
Quiet Riot	Metal Health
REO Speedwagon	Cant Fight This Feeling
Rachel Bolan	Memory
Radiohead	No Surprises
Rage	Arrogance and Ignorance
Rage	Down
Rage	Living My Dream
Rage	Set This World on Fire
Rage	Virginity
Ram	Ravnfell
Rammstein	Du Hast
Rammstein	Engel
Rammstein	Keine Lust
Rammstein	Ohne Dich
Rammstein	Radio
Rammstein	Rammlied
Ramonda	Bad Girl
Ramonda	Gone
Ramonda	The Walls Are Crumbling Down
Ratt	Back For More
Ratt	Body Talk
Ratt	I Want A Woman
Ratt	Lack Of Communication
Ratt	Lay It Down
Ratt	Round And Round
Ratt	Wanted Man
Ratt	You Think Youre Tough
Ratt	Youre In Love
Raven	Battlescarred
Raz Ben Ari	A Night Among the Wolves
Raz Ben Ari	Augmented Reality
Raz Ben Ari	Beneath the Skin
Raz Ben Ari	Fireworks
Raz Ben Ari	Sink or Swim
Raz Ben Ari	Spasm
Red Circuit	Digging in the Dirt
Red Circuit	Fall in the Skies
Red Circuit	Serpents Smile
Red Circuit	The World Forgotten Sons
Red Circuit ft. Amanda Sommerville	My World Collides
Red Hot Chili Peppers	Californication
Red Hot Chili Peppers	Otherside
Refallen	Fall Away
ReinXeed	Always Be There
ReinXeed	Atlantis
ReinXeed	Eternity
ReinXeed	Into the Darkness
ReinXeed	Light of the World
ReinXeed	Melody of Life
ReinXeed	My Paradise
ReinXeed	Never Lie
ReinXeed	Northern Allstars
ReinXeed	Second Chance
ReinXeed	Sword in Stone
ReinXeed	The Journey Home
Rev Theory	Far From Over
Rev Theory	Favorite Disease
Rev Theory	Hell Yeah
Rhapsody of Fire	Emerald Sword
Rimara	The End of the World
Ring of Fire	King of Fools
Ring of Fire	Sky Blue
Rise of the Northstar	Crank It Up
Risen Atlantis ft. Frank Beck	Lost In Time
Rising Alma	The cage - The cage
Rising Steel	Beyond the Gates of Hell
Rising Steel	Blackheart
Rising Steel	Death of a Vampire
Rising Steel	Fight Them All
Rising Steel	From Darkness
Rising Steel	King Of The Universe
Rising Steel	Mystic Voices
Rob Moratti	Don't Give Up On Love
Robledo	Broken Soul
Robledo	Real World
Robledo	The Good Will Rise
Roman Dragoun	Zdroj
Ronnie Atkins	One Shot
Ronnie Atkins	Trinity
Royal Hunt	Live Another Day
Running Wild	Under Jolly Roger
Rust n' Rage	One For All (All For One)
Rádio Muflon	Promo_01
Rádio Muflon	Promo_02
Rádio Muflon	Promo_03
Rádio Muflon	Promo_04
Rádio Muflon	Promo_05
Rádio Muflon	Promo_06
Rádio Muflon	Promo_07
Rádio Muflon	Promo_08
Rádio Muflon	Promo_09
Rádio Muflon	Promo_10
Rádio Muflon	Promo_11
Rádio Muflon	Promo_12
Rádio Muflon	Promo_13
Rádio Muflon	Promo_14
Rádio Muflon	Promo_15
Rádio Muflon	Promo_16
Rádio Muflon	Promo_17
Rádio Muflon	Promo_18
Rádio Muflon	Promo_19
Rádio Muflon	Promo_20
Rádio Muflon	Promo_21
Rádio Muflon	Promo_22
Rádio Muflon	Promo_23
Rádio Muflon	Promo_24
Rádio Muflon	Promo_25
Rádio Muflon	Promo_26
Rádio Muflon	Promo_27
Rádio Muflon	Promo_28
Rádio Muflon	Promo_29
Rádio Muflon	Promo_30
Rádio Muflon	Promo_31
Rádio Muflon	Promo_32
Saint Asonia	Beast
Saint Asonia	Blind
Saint Asonia	Devastate
Saint Asonia	Ghost
Saint Asonia ft. John Cooper	Wolf
Saint Asonia ft. Sully Erna	The Hunted
Saint Deamon	A Lie to Be Undone
Saint Deamon	At Break of Dawn
Saint Deamon	Heaven to Heart
Saint Deamon	League of the Serpent
Saint Deamon	Load Your Cannons
Sammy Hagar	Babys On Fire
Sammy Hagar	Heavy Metal
Sammy Hagar	Theres Only One Way To Rock
Satans Fall	Afterglow
Satans Fall	Lead The Way
Savage Messiah	All Seeing I
Savage Messiah	Hands Of Fate
Saxon	Battering Ram
Saxon	Destroyer
Saxon	Northern Lady
Saxon	Waiting For The Night
Saxon	We Came Here to Rock
Scarlet Violet	Behind Enemy Lines
Scarlet Violet	Bend Over And Fall
Scarlet Violet	Can´t Take Me Back
Scarlet Violet	Fancy a Nightmare
Scarlet Violet	Immortal Bind
Scorpions	Big City Nights
Scorpions	Deep and Dark
Scorpions	I Cant Explain
Scorpions	New Generation
Scorpions	No One Like You
Scorpions	Passion Rules The Game
Scorpions	Tease Me Please Me
Scorpions	The Zoo
Scott Stapp	What I Deserve
Scream Maker	Bloodking
Scream Maker	End of the World
Scream Maker	Mirror Mirror
Sebastian Bach	What Do I Got To Lose
Secret Sphere	Captive
Secret Sphere	The End Of An Ego
September Mourning	Heart Can Hold
September Mourning	Unholy
Seraphim ft. Tyler Ennis	Singularity
Serenity	All Lights Reversed
Serenity	Coldness Kills
Serenity	Fairytales
Serenity	For Freedoms Sake
Serenity	Rust of Coming Ages
Serenity	Shining Oasis
Serenity	Symphony for the Quiet
Serenity	The Heartblood Symphony
Serenity	United
Serj Tankian	Empty Walls
Serj Tankian	Sky Is Over
Seven Kingdoms	The Serpent And The Lotus
Sevendust	Denial
Sevendust	Dirty
Sevendust	Unraveling
Sevendust ft. Skin of Skunk Anansie	Licking Cream
Seventh Crystal	Broken Mirror
Seventh Crystal	Higher Ground
Seventh Crystal	Hollow
Seventh Crystal	Imperfection
Seventh Crystal	Million Times
Seventh Crystal	Oathbreaker
Seventh Crystal	Say What You Need To Say
Seventh Crystal	Shouldve Known Better
Seventh Crystal	When Im Gone
Seventh Crystal	Wonderland
Seventh Storm	Gods Of Babylon
Seventh Storm	Seventh
Seventh Wonder	Beyond Today (Farewell Pt. 3)
Seventh Wonder	Dream Machines
Seventh Wonder	I Carry the Blame
Seventh Wonder	The Light
Seventh Wonder	The Red River
Seventh Wonder	Warriors
Shakra	Just Live Loud!
Shinedown	45
Shinedown	Breaking Inside - Breaking Inside
Shinedown	Call Me
Shinedown	Diamond Eyes
Shinedown	Fly From The Inside
Shinedown	If You Only Knew
Shinedown	In Memory
Shinedown	Save Me
Shinedown	Second Chance
Shinedown	Sound Of Madness
Shinedown	The Crow & the Butterfly
Shiraz Lane	Live a Little More
Shiraz Lane	Plastic Heart
Sick Puppies	Black and Blue
Sick Puppies	I Hate You
Sick Puppies	Let Me Live
Sick Puppies	Odd One
Sick Puppies	Stick To Your Guns
Sick Puppies	Theres No Going Back
Sick Puppies	Walls
Signum Regis	Living Well
Signum Regis	Never Surrender
Signum Regis	Prisoners Elegy
Signum Regis	Prophet of Doom
Signum Regis	The Kingdom of Heaven
Signum Regis	The Voice in the Wilderness
Silent Force	Circle of Trust
Simone Simons ft. Ayreon	In Love We Rust
Sinner	Brotherhood
Sinner	Bulletproof
Sinner	My Scars
Sinner	We Came To Rock
Siren	City of Lost Souls
Sirenia	The Path To Decay
Skid Row	I Remember You
Skid Row	Tear It Down
Skid Row	Time Bomb
Skid Row	Youth Gone Wild
Slade	My Oh My
Slade	Run Run Away - Run Run Away
Slash feat. Ozzy Osbourne	Crucify The Dead
Slaughter	Fly To The Angels
Slaughter	Up All Night
Soen	Deceiver
Soen	Incendiary
Soen	Lascivious
Soen	Lumerian
Soen	Monarch
Soen	Unbreakable
Soilwork	Death in General
Soilwork	Exile
Soilwork	Father and Son, Watching the World Go Down
Soilwork	Ghosts and Thunder
Soilwork	Martyr
Soilwork	Nerve
Soilwork	Nous Sommes La Guerre
Soilwork	Whirl of Pain
Soilwork	Your Beloved Scapegoat
Solvina	Je to zvláštní
Sonata Arctica	A Little Less Understanding
Sonata Arctica	Caleb
Sonata Arctica	Cold
Sonata Arctica	Demons Cage
Sonata Arctica	Flag In The Ground
Sonata Arctica	Fly With The Black Swan
Sonata Arctica	For The Sake Of Revenge
Sonata Arctica	Full Moon
Sonata Arctica	Good Enough Is Good Enough
Sonata Arctica	I have a right
Sonata Arctica	Ismos Got Good Reactors
Sonata Arctica	It Wont Fade
Sonata Arctica	Paid in Full
Sonata Arctica	Storm the Armada
Sonata Arctica	Under Your Tree
Sonata Arctica	Whirlwind
Sophie Lloyd ft. Michael Starr	Runaway
Soundgarden	Black Hole Sun
Spock’s Beard	To Breathe Another Day
Spread Eagle	Cut Through
Spread Eagle	Gutter Rhymes For Valentines
Staind	Fade
Staind	Its Been Awhile
Staind	Lowest In Me
Staind	Mudshovel
Staind	So Far Away
Starchild	At the End of the Rainbow
Starchild	Between the Lines
Starchild	Castles in the Sky
Starchild	Magic Well
Starchild	Westernworld
Starship	We Built This City On Rock And Roll
Steel Panther	Shes Tight
SteelFaith	11:55
SteelFaith	Dilema
SteelFaith	Hluboko v nás
SteelFaith	Led
SteelFaith	Noc je klíč
SteelFaith	Před a po
Stellar Circuits	Wounded Healer
Storace	Screaming Demon
Strapping Young Lad	Decimator
Stratovarius	Breakaway
Stratovarius	Burn Me Down
Stratovarius	Demand
Stratovarius	Enigma
Stratovarius	Frozen in Time
Stratovarius	Glory Days
Stratovarius	Survive
Stratovarius	Unbreakable
Streetlight	Sleep Walk
Stryper	Calling On You
Stryper	Pride
Stråle ft. B. Strid	Resist & Reform - Resist & Reform
Suasion	House of Cards
Suasion feat. Steffi Pacson	Momentum - Momentum
Subway To Sally ft. Warkings	Stahl auf Stahl
Sumerlands	Force of a Storm
Sunburst	Break the Core
Sunburst	Dementia
Sunburst	End of the Game
Sunburst	Lullaby
Sunburst	Out of the World
Sunburst	Reincarnation
Sunstorm ft. Joe Lynn Turner	Edge of Tomorrow
Survivor	Burning Heart
Symphony X	Charon
Symphony X	Kiss Of Fire
Symphony X	Nevermore
Symphony X	Sea of Lies
Symphony X	The End Of Innocence
Symphony X	Without You
System Of A Down	Aerials
System Of A Down	Hypnotize
System Of A Down	Lonely Day
System of a down	Question
Tailgunner	Dead Until Dark
Tailgunner	Eye Of The Storm
Tailgunner	Midnight Blitz
Talisman	Mysterious
Tarot	Back in the Fire
Tarot	Wings Of Darkness
Temperance	Of Jupiter and Moons
Temple Balls	There Will Be Blood
Tempt	Burn me down
Tempt ft. Dorothy	Living Dangerous
Ten	Arabian Knights
Ten	Endless Symphony
Ten	Into Darkness
Ten	Invisible
Ten	Miracle Of Life
Ten	Paragon
Ten	Strangers on a Distant Shore
Ten	The Grail
Ten	The Longest Time
Ten	The Riddle
Ten	The Wave
Ten	Travellers
Teramaze	For The Thrill
Teramaze	Ticket To The Next Apocalypse
Tesla	Flight
Tesla	Hang Tough
Tesla	Heavens
Tesla	Modern Day Cowboy
Tesla	Way
Tetrarch	You Never Listen
The 69 Eyes	Dolce Vita
The Cult	Edie (Ciao Baby)
The Cult	Fire Woman
The Cult	Love Removal Machine
The Cult	Rain
The Cult	She Sells Sanctuary
The Cure	Close To Me
The Cure	Friday I´m In Love
The Cure	Lullaby
The Dark Element	Songs The Night Sings
The Dead Daisies	Kiss the Sun
The Dead Daisies	Shine On
The End Machine	Killer of the Night
The End Machine	Silent Winter
The Grandmaster	Someday Somehow
The Halo Effect	In Broken Trust
The L.I.F.E. Project	You Can't Bring Me Down
The Metal Byrds	Stop Motion
The Metal Byrds	Vicious Circle
The Offspring	Why Dont You Get A Job
The Order	The Show
The Pretty Reckless	The Keeper
The Rasmus	In the Shadows
The Raven Age	Betrayal of the Mind
The Raven Age	Essence of Time
The Raven Age	Eye Among the Blind
The Raven Age	Forgotten World
The Raven Age	Parasite
The Raven Age	Promised Land
The Raven Age	Serpents Tongue
The Switch	Danger On The Loose
The Treatment	When Thunder and Lightning Strikes
The Unity	Angel of Dawn
The Unity	Damn Nation
The Unity	Hands of Time
The Unity	No More Lies
The Unity	Rise and Fall
The Unity	We Dont Need Them Here
The Word Alive	Monomania
The Word Alive	Nocturnal Future
The Word Alive	Why Am I Like This
Theocracy	Around the World and Back
Theocracy	Ghost Ship
Theocracy	Hide in the Fairytale
Theocracy	Stir the Embers
Three Days Grace	So Called Life
Threshold	Complex
Threshold	King Of Nothing
Threshold	Silenced
Threshold	Small dark lines
Threshold	Subliminal Freeways
Threshold	Superior Machine
Threshold	Swallowed
Threshold	The Shire (Part 2)
Through Fire	For The Last Time
Through Fire	Karma Kills
Through Fire	Lose It
Through Fire	Wake Up
Thunder	River of Pain
Thunderstone	Another Time
Thunderstone	Feed the Fire
Thunderstone	Forth into the Black
Thunderstone	Great Man Down
Thunderstone	Holding on to My Pain
Thunderstone	I Will Come Again
Thunderstone	Roots of Anger
Thunderstone	The Path
Thunderstone	The Source
Thunderstone	Tool of the Devil
Tool	Forty Six & 2 (Drum cover by Vincenzo Nuciteli)
Tore Fagerheim	The Uprising
Trapt	Beautiful Scar
Trapt	End of my rope
Trapt	Headstrong
Trapt	Sound off
Trautenberk	Himlhergotdonrvetr
Treat	Freudian Slip
Treat	Home of the Brave
Treat	I Burn For You
Treat	One Minute To Breathe
Treat	World Of Promises
Trilobit-Rock	Jedno laso
Trilobit-Rock	Jedno místo znám
Trilobit-Rock	Lidi
Trilobit-Rock	Vyznání
Trilobit-Rock	Z pekla přišel RocknRoll
Trivium	Beauty In The Sorrow
Trivium	Bleed Into Me
Trivium	Catastrophist
Trivium	Endless Night
Trivium	Feast of Fire
Trivium	Like A Sword Over Damocles
Trivium	No Way Back Just Through
Trivium	Other Worlds
Trivium	Scattering The Ashes
Trivium	The Heart From Your Hate
Trivium	The Phalanx
Trixter	Give It To Me Good
Trouble Tribe	Dear Prudence
Trouble Tribe	Here Comes Trouble
Tublatanka	Bez tvojej lásky
Tungsen	Cry For The Fallen
Tungsten	Blood Of The Kings
Turbo	Chtěl jsem mít
Turbo	Díky, já jdu dál
Turbo	Křídla racků
Twilight Force	Twilight Force
Twilighting	Isolation Shell
Twisted Sister	I Wanna Rock
Tyketto	Forever Young
Type O Negative	Everything Dies
Type O Negative	Love You To Death
Tyr	All Heroes Fall
Tyr	Blood of Heroes
Tyr	Fire and Flame
Tyr	Flames of the Free
Tyr	Garmr
Tyr	Sunset Shore
Tyr feat Liv Kristine	The Lay of Our Love
U2	I Will Follow
U2	New Years Day
Udo Dirkschneider ft. Doro Pesh	Winter Dreams
Ugly Kid Joe	Everything About You
Unisonic	Not Gonna Take Anymore
Unisonic	Your Time Has Come
Unleash The Archers	Abyss
Unleash The Archers	Awakening
Unleash The Archers	Blood Empress
Unleash The Archers	Cleanse The Bloodlines
Unleash The Archers	The Cowards Way
Van Halen	Dreams
Van Halen	I Will Wait
Van Halen	Jump
Van Halen	Love Walks In
Van Halen	Panama
Van Halen	Summer Nights
Van Halen	Why Cant This Be Love
Vanaheim	Devět světů
Vanaheim	Yggdrasil
Vanaheim	Ásgard
Vanden Plas	My Icarian Flight
Veonity	Riders Of The Revolution
Victor Smolski	Satisfied (Instrumental Version)
Victor Smolski	Self Blinded Eyes (Instrumental Version)
Victorius	World War Dinosaur
Vinc & Red Light Street	Dirty Vibe
Vinc & Red Light Street	Morning Blush
Vinnie Vincent Invasion	That Time Of Year
Visions of Atlantis	Monster
Visions of Atlantis	The Deep & The Dark
Vixen	Cryin
Vixen	Edge Of A Broken Heart
Volbeat	Becoming
Volbeat	Demonic Depression
Volbeat	Heavens Descent
Volbeat	Lasses Birgitta
Volbeat	Mindlock
Volbeat	Say No More
Volbeat	Shotgun Blues
Volbeat	The Devils Bleeding Crown
Von Groove	Born To Rock
Václav Noid Bárta ft. Eva Burešová	Noc
W.A.S.P.	Im Alive
W.E.T.	Believer
W.E.T.	Big Boys Dont Cry
W.E.T.	How Far to Babylon
W.E.T.	Kings on Thunder Road
W.E.T.	One Final Kiss
W.E.T.	Urgent
W.E.T.	Watch the Fire
W.E.T.	What Are You Waiting For
W.E.T.	Where Are The Heroes Now
Wage War	Magnetic
Warkings	Gladiator
Warkings	Kings of Ragnarok
Warkings	Legend Untold
Warkings	Row (Into the Storm)
Warkings	The Rite
Warkings	We Are the Fire
Warlock	Für immer
Warrant	Cherry Pie
Warrant	Down Boys
Warrant	Uncle Toms Cabin
Warrior	Fighting For The Earth
Waysted	Song For Steve
What If?	What If
Wheels Of Fire	Fools Paradise
White Lion	Wait
Whitesnake	Crying in the Rain
Whitesnake	Give Me All Your Love
Whitesnake	Here I Go Again
Whitesnake	Is This Love
Whitesnake	Love Aint No Stranger
Whitesnake	Now Youre Gone
Whitesnake	Slow an Easy
Whitesnake	Still of the Night
Whitesnake	The Deeper The Love
Winger	Proud Desperado
Winger	Seventeen
Winter Rose	Never Let Me Go
Winter Rose	Rough Boys
Wisdom	Ravens’ Night
Witch Hammer	Ztracený ráj
Within Temptation	Mad World
Within Temptation	The Reckoning
Wohnout	Svaz českých bohémů
Wohnout	Vrátnej
Wovenwar	All Rise
Wovenwar	Archers
Wovenwar	Cascade
Wovenwar	Death to Rights
Wovenwar	Father Son
Wovenwar	Identity
Wovenwar	Lines in the Sand
Wovenwar	Moving Up
Wovenwar	Prophets
Wovenwar	Tempest
Wovenwar	The Mason
Wrathchild	All About You
Wrathchild	Cherie Cherie
XYZ	Inside Out
Xandria	Universal
Y&T	Contagious
Y&T	Fight
Y&T	Summertime Girls
Yngwie Malmsteen	Crystal Ball
Yngwie Malmsteen	Demon Driver
Yngwie Malmsteen	Devil In Disguise
Yngwie Malmsteen	Eclipse
Yngwie Malmsteen	Fire
Yngwie Malmsteen	Heaven Tonight
Yngwie Malmsteen	Im My Own Enemy
Yngwie Malmsteen	Magic Mirror
Yngwie Malmsteen	Queen In Love
Yngwie Malmsteen	Save Our Love
Yngwie Malmsteen	What Do You Want
www.sapho.cz	Reklama 1
Škwor	Křídla
Škwor	Pocit viny
Škwor	Sobě věrnej
Škwor	Sraž nás na kolena
Škwor	Síla starejch vín
